[
  {
    "id":"li-4375809486",
    "site":"linkedin",
    "job_url":"https:\/\/www.linkedin.com\/jobs\/view\/4375809486",
    "job_url_direct":null,
    "title":"Talent Acquisition & Employer Branding Specialist",
    "company":"Angelini Pharma",
    "location":"Rome, Latium, Italy",
    "date_posted":1771545600000,
    "job_type":null,
    "salary_source":null,
    "interval":null,
    "min_amount":null,
    "max_amount":null,
    "currency":null,
    "is_remote":false,
    "job_level":"",
    "job_function":null,
    "listing_type":null,
    "emails":null,
    "description":null,
    "company_industry":null,
    "company_url":"https:\/\/it.linkedin.com\/company\/angelinipharma",
    "company_logo":null,
    "company_url_direct":null,
    "company_addresses":null,
    "company_num_employees":null,
    "company_revenue":null,
    "company_description":null,
    "skills":null,
    "experience_range":null,
    "company_rating":null,
    "company_reviews_count":null,
    "vacancy_count":null,
    "work_from_home_type":null,
    "search_term":"talent acquisition"
  },
  {
    "id":"li-4375613154",
    "site":"linkedin",
    "job_url":"https:\/\/www.linkedin.com\/jobs\/view\/4375613154",
    "job_url_direct":null,
    "title":"Talent Acquisition Manager",
    "company":"Jobbit",
    "location":"Rome, Latium, Italy",
    "date_posted":1771545600000,
    "job_type":null,
    "salary_source":null,
    "interval":null,
    "min_amount":null,
    "max_amount":null,
    "currency":null,
    "is_remote":false,
    "job_level":"",
    "job_function":null,
    "listing_type":null,
    "emails":null,
    "description":null,
    "company_industry":null,
    "company_url":"https:\/\/www.linkedin.com\/company\/we-are-jobbit",
    "company_logo":null,
    "company_url_direct":null,
    "company_addresses":null,
    "company_num_employees":null,
    "company_revenue":null,
    "company_description":null,
    "skills":null,
    "experience_range":null,
    "company_rating":null,
    "company_reviews_count":null,
    "vacancy_count":null,
    "work_from_home_type":null,
    "search_term":"talent acquisition"
  },
  {
    "id":"li-4374083419",
    "site":"linkedin",
    "job_url":"https:\/\/www.linkedin.com\/jobs\/view\/4374083419",
    "job_url_direct":null,
    "title":"Buzz Recruitment Day – Lisbon – 09 March 2026",
    "company":"Ryanair - Europe's Favourite Airline",
    "location":"Fiumicino, Latium, Italy",
    "date_posted":1771459200000,
    "job_type":null,
    "salary_source":null,
    "interval":null,
    "min_amount":null,
    "max_amount":null,
    "currency":null,
    "is_remote":false,
    "job_level":"",
    "job_function":null,
    "listing_type":null,
    "emails":null,
    "description":null,
    "company_industry":null,
    "company_url":"https:\/\/ie.linkedin.com\/company\/ryanair",
    "company_logo":null,
    "company_url_direct":null,
    "company_addresses":null,
    "company_num_employees":null,
    "company_revenue":null,
    "company_description":null,
    "skills":null,
    "experience_range":null,
    "company_rating":null,
    "company_reviews_count":null,
    "vacancy_count":null,
    "work_from_home_type":null,
    "search_term":"talent acquisition"
  },
  {
    "id":"in-a202633e80897c25",
    "site":"indeed",
    "job_url":"https:\/\/it.indeed.com\/viewjob?jk=a202633e80897c25",
    "job_url_direct":"https:\/\/inrec.intervieweb.it\/annunci.php?l=hr-generalist-209944&lang=it&d=indeed&LAC=ntw",
    "title":"HR Generalist",
    "company":"NTWK",
    "location":"Roma, LAZ, IT",
    "date_posted":1771459200000,
    "job_type":null,
    "salary_source":null,
    "interval":null,
    "min_amount":null,
    "max_amount":null,
    "currency":null,
    "is_remote":false,
    "job_level":null,
    "job_function":null,
    "listing_type":null,
    "emails":null,
    "description":"NtWK, azienda italiana operante nella ricerca e selezione del personale, si occupa di soddisfare le necessità dei clienti offrendo servizi personalizzati.\n\n  \n\n  \n\n**Posizione:**\n--------------\n\nAzienda operante nel settore alimentare ricerca, per la società holding, un HR Generalist da inserire all’interno del Dipartimento Risorse Umane.\n\n  \n\nLa risorsa, a diretto riporto dell’HR Manager, si dedicherà alle seguenti attività:\n\n  \n\n– Amministrazione del personale\n\n\no Aggiornamento delle anagrafiche dei dipendenti\n\n\no Gestione dell’archivio cartaceo e digitale\n\n\no Elaborazione e quadratura delle presenze degli uffici e dei laboratori\n\n\no Aggiornamento dei KPI del personale (assenteismo, turnover, dettaglio delle ore notturne, domenicali, festive)\n\n\no Aggiornamento del budget del personale e calcolo del costo del personale\n\n\no Stesura della documentazione relativa all’intero ciclo del rapporto di lavoro (contratti di assunzione, proroghe, cessioni, cessazioni, distacchi…)\n\n\no Controllo dei cedolini, in particolare degli aspetti variabili della retribuzione (ore notturne, straordinari…)\n\n  \n\n– Sicurezza sul lavoro\n\n\no Gestione e calendarizzazione delle visite di idoneità pre\\-assuntive e le scadenze periodiche\n\n\no Gestione e calendarizzazione dei corsi di formazione obbligatori ai sensi del TU Sicurezza nei luoghi di lavoro\n\n  \n\n– Formazione del personale\n\n\no Gradita esperienza nella gestione documentale di corsi formativi\n\n\no Gestione dei rapporti con enti accreditati dai fondi interprofessionali\n\n  \n\n– Selezione del personale\n\n\no Redazione delle job description\n\n\no Contatti con i candidati\n\n\no Screening dei curricula\n\n\no Interviste di selezione\n\n**Requisiti:**\n--------------\n\n**PROFILO IDEALE**\n\n* Preferibilmente laureato\/a in materie umanistiche o economico\/giuridiche;\n* Buona conoscenza di Excel;\n* Esperienza maturata nel ruolo di almeno un anno;\n* Conoscenza base in ambito di amministrazione del personale e normativa giuslavoristica;\n* Capacità di reportistica;\n* Gradita conoscenza base di metodi di valutazione del personale;\n* Gradita conoscenza della normativa e delle gestione della sicurezza nei luoghi di lavoro;\n* Capacità di svolgere le proprie attività in autonomia;\n* Attitudine al cambiamento e proattività nel proporre soluzione e nuove modalità operative.\n\n**Altre informazioni:**\n-----------------------\n\nCompletano il profilo una personalità determinata, dinamica, flessibile e ottime capacità relazionali e di ascolto.\n\n **ULTERIORI INFORMAZIONI:**\n\n**Zona di lavoro**: Ponte Milvio\n\n**Orario**: lunedì\\-venerdì, dalle 9 alle 18 con 1h di pausa pranzo\n\n**Modalità**: In presenza\n\n**Inquadramento**: 3° livello del CCNL Commercio\n\n**RAL indicativa**: 33\\.000\/35\\.000 annui",
    "company_industry":null,
    "company_url":"https:\/\/it.indeed.com\/cmp\/Ntwk",
    "company_logo":null,
    "company_url_direct":null,
    "company_addresses":null,
    "company_num_employees":null,
    "company_revenue":null,
    "company_description":null,
    "skills":null,
    "experience_range":null,
    "company_rating":null,
    "company_reviews_count":null,
    "vacancy_count":null,
    "work_from_home_type":null,
    "search_term":"recruiter"
  },
  {
    "id":"in-211f9c637777d9e6",
    "site":"indeed",
    "job_url":"https:\/\/it.indeed.com\/viewjob?jk=211f9c637777d9e6",
    "job_url_direct":"http:\/\/it.indeed.com\/job\/tirocinio-extracurriculare-risorse-umane-area-gestione-del-personale-211f9c637777d9e6",
    "title":"Tirocinio Extracurriculare Risorse Umane – Area Gestione del Personale",
    "company":"H501 s.r.l",
    "location":"Roma, LAZ, IT",
    "date_posted":1771459200000,
    "job_type":"internship",
    "salary_source":null,
    "interval":null,
    "min_amount":null,
    "max_amount":null,
    "currency":null,
    "is_remote":false,
    "job_level":null,
    "job_function":null,
    "listing_type":null,
    "emails":null,
    "description":"Azienda operante nel settore degli eventi e dei servizi museali ricerca una risorsa da inserire con **TIROCINIO EXTRACURRICULARE** per attività di **gestione del personale**.\n\nLa figura selezionata sarà affiancata per l’intero percorso formativo e lavorativo.\n\nRequisiti obbligatori\n\n* **Stato di disoccupazione al momento dell’attivazione dello stage**\n* **Non essere iscritti a corsi di laurea, master o altri percorsi di formazione attivi**\n* Disponibilità per inserimento immediato nel mese di dicembre\n* Buona conoscenza del pacchetto Office, in particolare **Excel**\n* Ottime doti organizzative, precisione e flessibilità oraria, inclusa disponibilità nei weekend\n\nRequisiti preferenziali\n\n* Conoscenza della lingua inglese\n\nCondizioni contrattuali\n\n* **Tipologia di contratto:** Tirocinio extracurriculare\n* **Retribuzione:** €800,00 al mese\n* **Orario di lavoro:** 35 ore settimanali\n* **Sede di lavoro:** unica sede – in presenza\n\nContratto di lavoro: Tirocinio formativo\/Stage\n\nRetribuzione: €800,00 al mese\n\nSede di lavoro: Di persona",
    "company_industry":null,
    "company_url":"https:\/\/it.indeed.com\/cmp\/H501-S.r.l",
    "company_logo":null,
    "company_url_direct":"https:\/\/www.h501.it\/",
    "company_addresses":null,
    "company_num_employees":null,
    "company_revenue":null,
    "company_description":null,
    "skills":null,
    "experience_range":null,
    "company_rating":null,
    "company_reviews_count":null,
    "vacancy_count":null,
    "work_from_home_type":null,
    "search_term":"recruiter"
  },
  {
    "id":"in-a7057852c3f52c5f",
    "site":"indeed",
    "job_url":"https:\/\/it.indeed.com\/viewjob?jk=a7057852c3f52c5f",
    "job_url_direct":"https:\/\/hrweb.intervieweb.it\/annunci.php?l=organico-filiale-barberini-addetti-e-addette-fte-149868&lang=it&d=indeed&LAC=mkd",
    "title":"Organico Filiale BARBERINI - Addetti e Addette (FTE)",
    "company":"Globe MKD",
    "location":"Roma, LAZ, IT",
    "date_posted":1771632000000,
    "job_type":"fulltime",
    "salary_source":null,
    "interval":null,
    "min_amount":null,
    "max_amount":null,
    "currency":null,
    "is_remote":false,
    "job_level":null,
    "job_function":null,
    "listing_type":null,
    "emails":null,
    "description":"Cerchiamo personale per nuova selezione nella città di **\\# Roma**.\n\n **I profili ricercati possiedono disponibilità a giornate complete dal lunedì al venerdì sulla città di ROMA o facilità nel raggiungerla quotidianamente.** **Indispensabile, inoltre, OTTIMA capacità di comprensione e comunicazione della lingua italiana \\[sia scritta che parlata]**\n\n **Costituirà TITOLO PREFERENZIALE ma non indispensabile: \\- aver maturato esperienza a contatto con il pubblico \/ la clientela – ANCHE BREVE (es. addetto\/a vendite, receptionist, volantinaggio, volontariato, cassiere\/a, cameriere\/a, assistete di sala, attività sportive di squadra, assistenza alla clientela, customer service).**\n\n  \n\n  \n\n**Posizione:**\n--------------\n\n**L'offerta prevede:**\n\n* FISSO MENSILE GARANTITO\n* Inserimento IMMEDIATO con incarico iniziale di 1 anno e FISSO MENSILE\n* Formazione a carico aziendale e REALI possibilità di CRESCITA.\n\n**Requisiti:**\n--------------\n\nPresso eventi, luoghi aperti al pubblico e d2d residenziale le nuove risorse svolgeranno attività di *promozione* e *fidelizzazione del cliente* per conto di noti marchi internazionali.",
    "company_industry":null,
    "company_url":"https:\/\/it.indeed.com\/cmp\/Globe-Mkd",
    "company_logo":null,
    "company_url_direct":null,
    "company_addresses":null,
    "company_num_employees":null,
    "company_revenue":null,
    "company_description":null,
    "skills":null,
    "experience_range":null,
    "company_rating":null,
    "company_reviews_count":null,
    "vacancy_count":null,
    "work_from_home_type":null,
    "search_term":"selezione personale"
  },
  {
    "id":"li-4374380649",
    "site":"linkedin",
    "job_url":"https:\/\/www.linkedin.com\/jobs\/view\/4374380649",
    "job_url_direct":null,
    "title":"Responsabile Risorse Umane – Commerciale e Distribuzione",
    "company":"EmmeBi Group",
    "location":"Rome, Latium, Italy",
    "date_posted":1771545600000,
    "job_type":null,
    "salary_source":null,
    "interval":null,
    "min_amount":null,
    "max_amount":null,
    "currency":null,
    "is_remote":false,
    "job_level":"",
    "job_function":null,
    "listing_type":null,
    "emails":null,
    "description":null,
    "company_industry":null,
    "company_url":"https:\/\/www.linkedin.com\/company\/emmebi-group",
    "company_logo":null,
    "company_url_direct":null,
    "company_addresses":null,
    "company_num_employees":null,
    "company_revenue":null,
    "company_description":null,
    "skills":null,
    "experience_range":null,
    "company_rating":null,
    "company_reviews_count":null,
    "vacancy_count":null,
    "work_from_home_type":null,
    "search_term":"selezione personale"
  },
  {
    "id":"li-4373403553",
    "site":"linkedin",
    "job_url":"https:\/\/www.linkedin.com\/jobs\/view\/4373403553",
    "job_url_direct":null,
    "title":"Selezione pubblica, per titoli e colloquio,per n. 2 Tecnologo enti di ricerca liv. III per il CREA DC Sede di Roma",
    "company":"Dipartimento della Funzione Pubblica",
    "location":"Latium, Italy",
    "date_posted":1771545600000,
    "job_type":null,
    "salary_source":null,
    "interval":null,
    "min_amount":null,
    "max_amount":null,
    "currency":null,
    "is_remote":false,
    "job_level":"",
    "job_function":null,
    "listing_type":null,
    "emails":null,
    "description":null,
    "company_industry":null,
    "company_url":"https:\/\/it.linkedin.com\/company\/dipartimento-della-funzione-pubblica",
    "company_logo":null,
    "company_url_direct":null,
    "company_addresses":null,
    "company_num_employees":null,
    "company_revenue":null,
    "company_description":null,
    "skills":null,
    "experience_range":null,
    "company_rating":null,
    "company_reviews_count":null,
    "vacancy_count":null,
    "work_from_home_type":null,
    "search_term":"selezione personale"
  },
  {
    "id":"li-4373152036",
    "site":"linkedin",
    "job_url":"https:\/\/www.linkedin.com\/jobs\/view\/4373152036",
    "job_url_direct":null,
    "title":"Neolaureato\/a con passione per IT e Tecnologia per stage in EgoValeo - Tech Head Hunting (Zona Roma Eur -Rif.1124)",
    "company":"EgoValeo | Tech Head Hunting",
    "location":"Rome, Latium, Italy",
    "date_posted":1771459200000,
    "job_type":null,
    "salary_source":null,
    "interval":null,
    "min_amount":null,
    "max_amount":null,
    "currency":null,
    "is_remote":false,
    "job_level":"",
    "job_function":null,
    "listing_type":null,
    "emails":null,
    "description":null,
    "company_industry":null,
    "company_url":"https:\/\/it.linkedin.com\/company\/egovaleo",
    "company_logo":null,
    "company_url_direct":null,
    "company_addresses":null,
    "company_num_employees":null,
    "company_revenue":null,
    "company_description":null,
    "skills":null,
    "experience_range":null,
    "company_rating":null,
    "company_reviews_count":null,
    "vacancy_count":null,
    "work_from_home_type":null,
    "search_term":"selezione personale"
  },
  {
    "id":"li-4375811505",
    "site":"linkedin",
    "job_url":"https:\/\/www.linkedin.com\/jobs\/view\/4375811505",
    "job_url_direct":null,
    "title":"HRBP RETAIL CENTRO ITALIA",
    "company":"LHH",
    "location":"Rome, Latium, Italy",
    "date_posted":1771545600000,
    "job_type":null,
    "salary_source":null,
    "interval":null,
    "min_amount":null,
    "max_amount":null,
    "currency":null,
    "is_remote":false,
    "job_level":"",
    "job_function":null,
    "listing_type":null,
    "emails":null,
    "description":null,
    "company_industry":null,
    "company_url":"https:\/\/www.linkedin.com\/company\/lhhworldwide",
    "company_logo":null,
    "company_url_direct":null,
    "company_addresses":null,
    "company_num_employees":null,
    "company_revenue":null,
    "company_description":null,
    "skills":null,
    "experience_range":null,
    "company_rating":null,
    "company_reviews_count":null,
    "vacancy_count":null,
    "work_from_home_type":null,
    "search_term":"HRBP"
  }
]