[
  {
    "id":"li-4375809486",
    "site":"linkedin",
    "job_url":"https:\/\/www.linkedin.com\/jobs\/view\/4375809486",
    "job_url_direct":null,
    "title":"Talent Acquisition & Employer Branding Specialist",
    "company":"Angelini Pharma",
    "location":"Rome, Latium, Italy",
    "date_posted":1771545600000,
    "job_type":null,
    "salary_source":null,
    "interval":null,
    "min_amount":null,
    "max_amount":null,
    "currency":null,
    "is_remote":false,
    "job_level":"",
    "job_function":null,
    "listing_type":null,
    "emails":null,
    "description":null,
    "company_industry":null,
    "company_url":"https:\/\/it.linkedin.com\/company\/angelinipharma",
    "company_logo":null,
    "company_url_direct":null,
    "company_addresses":null,
    "company_num_employees":null,
    "company_revenue":null,
    "company_description":null,
    "skills":null,
    "experience_range":null,
    "company_rating":null,
    "company_reviews_count":null,
    "vacancy_count":null,
    "work_from_home_type":null,
    "search_term":"talent acquisition"
  },
  {
    "id":"li-4375613154",
    "site":"linkedin",
    "job_url":"https:\/\/www.linkedin.com\/jobs\/view\/4375613154",
    "job_url_direct":null,
    "title":"Talent Acquisition Manager",
    "company":"Jobbit",
    "location":"Rome, Latium, Italy",
    "date_posted":1771545600000,
    "job_type":null,
    "salary_source":null,
    "interval":null,
    "min_amount":null,
    "max_amount":null,
    "currency":null,
    "is_remote":false,
    "job_level":"",
    "job_function":null,
    "listing_type":null,
    "emails":null,
    "description":null,
    "company_industry":null,
    "company_url":"https:\/\/www.linkedin.com\/company\/we-are-jobbit",
    "company_logo":null,
    "company_url_direct":null,
    "company_addresses":null,
    "company_num_employees":null,
    "company_revenue":null,
    "company_description":null,
    "skills":null,
    "experience_range":null,
    "company_rating":null,
    "company_reviews_count":null,
    "vacancy_count":null,
    "work_from_home_type":null,
    "search_term":"talent acquisition"
  },
  {
    "id":"li-4374083419",
    "site":"linkedin",
    "job_url":"https:\/\/www.linkedin.com\/jobs\/view\/4374083419",
    "job_url_direct":null,
    "title":"Buzz Recruitment Day – Lisbon – 09 March 2026",
    "company":"Ryanair - Europe's Favourite Airline",
    "location":"Fiumicino, Latium, Italy",
    "date_posted":1771459200000,
    "job_type":null,
    "salary_source":null,
    "interval":null,
    "min_amount":null,
    "max_amount":null,
    "currency":null,
    "is_remote":false,
    "job_level":"",
    "job_function":null,
    "listing_type":null,
    "emails":null,
    "description":null,
    "company_industry":null,
    "company_url":"https:\/\/ie.linkedin.com\/company\/ryanair",
    "company_logo":null,
    "company_url_direct":null,
    "company_addresses":null,
    "company_num_employees":null,
    "company_revenue":null,
    "company_description":null,
    "skills":null,
    "experience_range":null,
    "company_rating":null,
    "company_reviews_count":null,
    "vacancy_count":null,
    "work_from_home_type":null,
    "search_term":"talent acquisition"
  },
  {
    "id":"in-a202633e80897c25",
    "site":"indeed",
    "job_url":"https:\/\/it.indeed.com\/viewjob?jk=a202633e80897c25",
    "job_url_direct":"https:\/\/inrec.intervieweb.it\/annunci.php?l=hr-generalist-209944&lang=it&d=indeed&LAC=ntw",
    "title":"HR Generalist",
    "company":"NTWK",
    "location":"Roma, LAZ, IT",
    "date_posted":1771459200000,
    "job_type":null,
    "salary_source":null,
    "interval":null,
    "min_amount":null,
    "max_amount":null,
    "currency":null,
    "is_remote":false,
    "job_level":null,
    "job_function":null,
    "listing_type":null,
    "emails":null,
    "description":"NtWK, azienda italiana operante nella ricerca e selezione del personale, si occupa di soddisfare le necessità dei clienti offrendo servizi personalizzati.\n\n  \n\n  \n\n**Posizione:**\n--------------\n\nAzienda operante nel settore alimentare ricerca, per la società holding, un HR Generalist da inserire all’interno del Dipartimento Risorse Umane.\n\n  \n\nLa risorsa, a diretto riporto dell’HR Manager, si dedicherà alle seguenti attività:\n\n  \n\n– Amministrazione del personale\n\n\no Aggiornamento delle anagrafiche dei dipendenti\n\n\no Gestione dell’archivio cartaceo e digitale\n\n\no Elaborazione e quadratura delle presenze degli uffici e dei laboratori\n\n\no Aggiornamento dei KPI del personale (assenteismo, turnover, dettaglio delle ore notturne, domenicali, festive)\n\n\no Aggiornamento del budget del personale e calcolo del costo del personale\n\n\no Stesura della documentazione relativa all’intero ciclo del rapporto di lavoro (contratti di assunzione, proroghe, cessioni, cessazioni, distacchi…)\n\n\no Controllo dei cedolini, in particolare degli aspetti variabili della retribuzione (ore notturne, straordinari…)\n\n  \n\n– Sicurezza sul lavoro\n\n\no Gestione e calendarizzazione delle visite di idoneità pre\\-assuntive e le scadenze periodiche\n\n\no Gestione e calendarizzazione dei corsi di formazione obbligatori ai sensi del TU Sicurezza nei luoghi di lavoro\n\n  \n\n– Formazione del personale\n\n\no Gradita esperienza nella gestione documentale di corsi formativi\n\n\no Gestione dei rapporti con enti accreditati dai fondi interprofessionali\n\n  \n\n– Selezione del personale\n\n\no Redazione delle job description\n\n\no Contatti con i candidati\n\n\no Screening dei curricula\n\n\no Interviste di selezione\n\n**Requisiti:**\n--------------\n\n**PROFILO IDEALE**\n\n* Preferibilmente laureato\/a in materie umanistiche o economico\/giuridiche;\n* Buona conoscenza di Excel;\n* Esperienza maturata nel ruolo di almeno un anno;\n* Conoscenza base in ambito di amministrazione del personale e normativa giuslavoristica;\n* Capacità di reportistica;\n* Gradita conoscenza base di metodi di valutazione del personale;\n* Gradita conoscenza della normativa e delle gestione della sicurezza nei luoghi di lavoro;\n* Capacità di svolgere le proprie attività in autonomia;\n* Attitudine al cambiamento e proattività nel proporre soluzione e nuove modalità operative.\n\n**Altre informazioni:**\n-----------------------\n\nCompletano il profilo una personalità determinata, dinamica, flessibile e ottime capacità relazionali e di ascolto.\n\n **ULTERIORI INFORMAZIONI:**\n\n**Zona di lavoro**: Ponte Milvio\n\n**Orario**: lunedì\\-venerdì, dalle 9 alle 18 con 1h di pausa pranzo\n\n**Modalità**: In presenza\n\n**Inquadramento**: 3° livello del CCNL Commercio\n\n**RAL indicativa**: 33\\.000\/35\\.000 annui",
    "company_industry":null,
    "company_url":"https:\/\/it.indeed.com\/cmp\/Ntwk",
    "company_logo":null,
    "company_url_direct":null,
    "company_addresses":null,
    "company_num_employees":null,
    "company_revenue":null,
    "company_description":null,
    "skills":null,
    "experience_range":null,
    "company_rating":null,
    "company_reviews_count":null,
    "vacancy_count":null,
    "work_from_home_type":null,
    "search_term":"recruiter"
  },
  {
    "id":"li-4374380649",
    "site":"linkedin",
    "job_url":"https:\/\/www.linkedin.com\/jobs\/view\/4374380649",
    "job_url_direct":null,
    "title":"Responsabile Risorse Umane – Commerciale e Distribuzione",
    "company":"EmmeBi Group",
    "location":"Rome, Latium, Italy",
    "date_posted":1771545600000,
    "job_type":null,
    "salary_source":null,
    "interval":null,
    "min_amount":null,
    "max_amount":null,
    "currency":null,
    "is_remote":false,
    "job_level":"",
    "job_function":null,
    "listing_type":null,
    "emails":null,
    "description":null,
    "company_industry":null,
    "company_url":"https:\/\/www.linkedin.com\/company\/emmebi-group",
    "company_logo":null,
    "company_url_direct":null,
    "company_addresses":null,
    "company_num_employees":null,
    "company_revenue":null,
    "company_description":null,
    "skills":null,
    "experience_range":null,
    "company_rating":null,
    "company_reviews_count":null,
    "vacancy_count":null,
    "work_from_home_type":null,
    "search_term":"selezione personale"
  },
  {
    "id":"li-4375811505",
    "site":"linkedin",
    "job_url":"https:\/\/www.linkedin.com\/jobs\/view\/4375811505",
    "job_url_direct":null,
    "title":"HRBP RETAIL CENTRO ITALIA",
    "company":"LHH",
    "location":"Rome, Latium, Italy",
    "date_posted":1771545600000,
    "job_type":null,
    "salary_source":null,
    "interval":null,
    "min_amount":null,
    "max_amount":null,
    "currency":null,
    "is_remote":false,
    "job_level":"",
    "job_function":null,
    "listing_type":null,
    "emails":null,
    "description":null,
    "company_industry":null,
    "company_url":"https:\/\/www.linkedin.com\/company\/lhhworldwide",
    "company_logo":null,
    "company_url_direct":null,
    "company_addresses":null,
    "company_num_employees":null,
    "company_revenue":null,
    "company_description":null,
    "skills":null,
    "experience_range":null,
    "company_rating":null,
    "company_reviews_count":null,
    "vacancy_count":null,
    "work_from_home_type":null,
    "search_term":"HRBP"
  }
]