[
  {
    "id":"in-8435093b0586c1ab",
    "site":"indeed",
    "job_url":"https:\/\/it.indeed.com\/viewjob?jk=8435093b0586c1ab",
    "job_url_direct":"https:\/\/apply.workable.com\/j\/76D33426A6",
    "title":"HR Manager (IT - Remote)",
    "company":"ThinkingIT Corp.",
    "location":"Roma, LAZ, IT",
    "date_posted":1771459200000,
    "job_type":"fulltime",
    "salary_source":null,
    "interval":null,
    "min_amount":null,
    "max_amount":null,
    "currency":null,
    "is_remote":true,
    "job_level":null,
    "job_function":null,
    "listing_type":null,
    "emails":null,
    "description":"We are seeking an experienced and strategic **HR Manager** to lead and develop our Human Resources function. This role is ideal for a proactive professional who can balance operational HR responsibilities with strategic workforce planning, talent development, and organizational growth initiatives.\n\n\nThe HR Manager will play a key role in shaping company culture, strengthening employee engagement, and ensuring compliance with labor regulations while supporting business objectives.  \n\n  \n\n**Key Responsibilities**\n\n**1\\. HR Strategy \\& Leadership**\n\n* Develop and implement HR strategies aligned with company goals.\n* Advise management on organizational structure, workforce planning, and talent management.\n* Lead and mentor the HR team (if applicable).\n\n**2\\. Recruitment \\& Talent Acquisition**\n\n* Oversee full\\-cycle recruitment and onboarding processes.\n* Develop effective sourcing strategies to attract top talent.\n* Improve employer branding initiatives.\n\n**3\\. Employee Relations \\& Engagement**\n\n* Foster a positive and inclusive work environment.\n* Handle employee relations matters, conflict resolution, and disciplinary processes.\n* Lead employee engagement and retention initiatives.\n\n**4\\. Performance Management**\n\n* Implement and manage performance appraisal systems.\n* Support managers in goal setting, feedback, and employee development plans.\n\n**5\\. Compensation \\& Benefits**\n\n* Manage payroll coordination, compensation benchmarking, and benefits administration.\n* Ensure competitive and compliant compensation structures.\n\n**6\\. Compliance \\& Policies**\n\n* Ensure compliance with local labor laws and regulations.\n* Develop, update, and implement HR policies and procedures.\n* Maintain accurate HR records and reporting.\n\n**7\\. Learning \\& Development**\n\n* Identify training needs and implement development programs.\n* Support leadership development and succession planning initiatives.\n\n**Requirements**\n\n* Bachelor’s degree in Human Resources, Business Administration, or related field.\n* 5\\+ years of progressive HR experience, with at least 2 years in a managerial role.\n* Strong knowledge of labor legislation and HR best practices.\n* Excellent communication and leadership skills.\n* High level of integrity and confidentiality.\n* Strong organizational and problem\\-solving skills.\n\n**Benefits**\n\n### **What We Offer**\n\n* Competitive salary package.\n* Professional growth and development opportunities.\n* Dynamic and supportive work environment.\n* Fully remote set up",
    "company_industry":null,
    "company_url":"https:\/\/it.indeed.com\/cmp\/Thinkingit-Corp.",
    "company_logo":null,
    "company_url_direct":null,
    "company_addresses":null,
    "company_num_employees":null,
    "company_revenue":null,
    "company_description":null,
    "skills":null,
    "experience_range":null,
    "company_rating":null,
    "company_reviews_count":null,
    "vacancy_count":null,
    "work_from_home_type":null,
    "search_term":"talent acquisition"
  },
  {
    "id":"li-4375809486",
    "site":"linkedin",
    "job_url":"https:\/\/www.linkedin.com\/jobs\/view\/4375809486",
    "job_url_direct":null,
    "title":"Talent Acquisition & Employer Branding Specialist",
    "company":"Angelini Pharma",
    "location":"Rome, Latium, Italy",
    "date_posted":1771545600000,
    "job_type":null,
    "salary_source":null,
    "interval":null,
    "min_amount":null,
    "max_amount":null,
    "currency":null,
    "is_remote":false,
    "job_level":"",
    "job_function":null,
    "listing_type":null,
    "emails":null,
    "description":null,
    "company_industry":null,
    "company_url":"https:\/\/it.linkedin.com\/company\/angelinipharma",
    "company_logo":null,
    "company_url_direct":null,
    "company_addresses":null,
    "company_num_employees":null,
    "company_revenue":null,
    "company_description":null,
    "skills":null,
    "experience_range":null,
    "company_rating":null,
    "company_reviews_count":null,
    "vacancy_count":null,
    "work_from_home_type":null,
    "search_term":"talent acquisition"
  },
  {
    "id":"li-4375613154",
    "site":"linkedin",
    "job_url":"https:\/\/www.linkedin.com\/jobs\/view\/4375613154",
    "job_url_direct":null,
    "title":"Talent Acquisition Manager",
    "company":"Jobbit",
    "location":"Rome, Latium, Italy",
    "date_posted":1771545600000,
    "job_type":null,
    "salary_source":null,
    "interval":null,
    "min_amount":null,
    "max_amount":null,
    "currency":null,
    "is_remote":false,
    "job_level":"",
    "job_function":null,
    "listing_type":null,
    "emails":null,
    "description":null,
    "company_industry":null,
    "company_url":"https:\/\/www.linkedin.com\/company\/we-are-jobbit",
    "company_logo":null,
    "company_url_direct":null,
    "company_addresses":null,
    "company_num_employees":null,
    "company_revenue":null,
    "company_description":null,
    "skills":null,
    "experience_range":null,
    "company_rating":null,
    "company_reviews_count":null,
    "vacancy_count":null,
    "work_from_home_type":null,
    "search_term":"talent acquisition"
  },
  {
    "id":"li-4374083419",
    "site":"linkedin",
    "job_url":"https:\/\/www.linkedin.com\/jobs\/view\/4374083419",
    "job_url_direct":null,
    "title":"Buzz Recruitment Day – Lisbon – 09 March 2026",
    "company":"Ryanair - Europe's Favourite Airline",
    "location":"Fiumicino, Latium, Italy",
    "date_posted":1771459200000,
    "job_type":null,
    "salary_source":null,
    "interval":null,
    "min_amount":null,
    "max_amount":null,
    "currency":null,
    "is_remote":false,
    "job_level":"",
    "job_function":null,
    "listing_type":null,
    "emails":null,
    "description":null,
    "company_industry":null,
    "company_url":"https:\/\/ie.linkedin.com\/company\/ryanair",
    "company_logo":null,
    "company_url_direct":null,
    "company_addresses":null,
    "company_num_employees":null,
    "company_revenue":null,
    "company_description":null,
    "skills":null,
    "experience_range":null,
    "company_rating":null,
    "company_reviews_count":null,
    "vacancy_count":null,
    "work_from_home_type":null,
    "search_term":"talent acquisition"
  },
  {
    "id":"li-4324290308",
    "site":"linkedin",
    "job_url":"https:\/\/www.linkedin.com\/jobs\/view\/4324290308",
    "job_url_direct":null,
    "title":"Talent Acquisition",
    "company":"DXC Technology",
    "location":"Rome, Latium, Italy",
    "date_posted":1771372800000,
    "job_type":null,
    "salary_source":null,
    "interval":null,
    "min_amount":null,
    "max_amount":null,
    "currency":null,
    "is_remote":false,
    "job_level":"",
    "job_function":null,
    "listing_type":null,
    "emails":null,
    "description":null,
    "company_industry":null,
    "company_url":"https:\/\/www.linkedin.com\/company\/dxctechnology",
    "company_logo":null,
    "company_url_direct":null,
    "company_addresses":null,
    "company_num_employees":null,
    "company_revenue":null,
    "company_description":null,
    "skills":null,
    "experience_range":null,
    "company_rating":null,
    "company_reviews_count":null,
    "vacancy_count":null,
    "work_from_home_type":null,
    "search_term":"talent acquisition"
  },
  {
    "id":"li-4372463744",
    "site":"linkedin",
    "job_url":"https:\/\/www.linkedin.com\/jobs\/view\/4372463744",
    "job_url_direct":null,
    "title":"CLIENT RECRUITMENT SPECIALIST ON SITE",
    "company":"Gi Group",
    "location":"Rome, Latium, Italy",
    "date_posted":1771372800000,
    "job_type":null,
    "salary_source":null,
    "interval":null,
    "min_amount":null,
    "max_amount":null,
    "currency":null,
    "is_remote":false,
    "job_level":"",
    "job_function":null,
    "listing_type":null,
    "emails":null,
    "description":null,
    "company_industry":null,
    "company_url":"https:\/\/it.linkedin.com\/company\/gi-group",
    "company_logo":null,
    "company_url_direct":null,
    "company_addresses":null,
    "company_num_employees":null,
    "company_revenue":null,
    "company_description":null,
    "skills":null,
    "experience_range":null,
    "company_rating":null,
    "company_reviews_count":null,
    "vacancy_count":null,
    "work_from_home_type":null,
    "search_term":"talent acquisition"
  },
  {
    "id":"li-4372870383",
    "site":"linkedin",
    "job_url":"https:\/\/www.linkedin.com\/jobs\/view\/4372870383",
    "job_url_direct":null,
    "title":"ADDETTO\/A RICERCA E SELEZIONE DEL PERSONALE",
    "company":"FONDAZIONE LAVORO",
    "location":"Rome, Latium, Italy",
    "date_posted":1771286400000,
    "job_type":null,
    "salary_source":null,
    "interval":null,
    "min_amount":null,
    "max_amount":null,
    "currency":null,
    "is_remote":false,
    "job_level":"",
    "job_function":null,
    "listing_type":null,
    "emails":null,
    "description":null,
    "company_industry":null,
    "company_url":"https:\/\/it.linkedin.com\/company\/fondazione-lavoro",
    "company_logo":null,
    "company_url_direct":null,
    "company_addresses":null,
    "company_num_employees":null,
    "company_revenue":null,
    "company_description":null,
    "skills":null,
    "experience_range":null,
    "company_rating":null,
    "company_reviews_count":null,
    "vacancy_count":null,
    "work_from_home_type":null,
    "search_term":"talent acquisition"
  },
  {
    "id":"li-4371975588",
    "site":"linkedin",
    "job_url":"https:\/\/www.linkedin.com\/jobs\/view\/4371975588",
    "job_url_direct":null,
    "title":"HR Generalist",
    "company":"Chaberton Professionals",
    "location":"Rome, Latium, Italy",
    "date_posted":1771286400000,
    "job_type":null,
    "salary_source":null,
    "interval":null,
    "min_amount":null,
    "max_amount":null,
    "currency":null,
    "is_remote":false,
    "job_level":"",
    "job_function":null,
    "listing_type":null,
    "emails":null,
    "description":null,
    "company_industry":null,
    "company_url":"https:\/\/ch.linkedin.com\/company\/chabertonprofessionals",
    "company_logo":null,
    "company_url_direct":null,
    "company_addresses":null,
    "company_num_employees":null,
    "company_revenue":null,
    "company_description":null,
    "skills":null,
    "experience_range":null,
    "company_rating":null,
    "company_reviews_count":null,
    "vacancy_count":null,
    "work_from_home_type":null,
    "search_term":"talent acquisition"
  },
  {
    "id":"li-4373910412",
    "site":"linkedin",
    "job_url":"https:\/\/www.linkedin.com\/jobs\/view\/4373910412",
    "job_url_direct":null,
    "title":"Graduate Talent Scientist",
    "company":"Canonical",
    "location":"Rome, Latium, Italy",
    "date_posted":1771286400000,
    "job_type":null,
    "salary_source":null,
    "interval":null,
    "min_amount":null,
    "max_amount":null,
    "currency":null,
    "is_remote":false,
    "job_level":"",
    "job_function":null,
    "listing_type":null,
    "emails":null,
    "description":null,
    "company_industry":null,
    "company_url":"https:\/\/uk.linkedin.com\/company\/canonical",
    "company_logo":null,
    "company_url_direct":null,
    "company_addresses":null,
    "company_num_employees":null,
    "company_revenue":null,
    "company_description":null,
    "skills":null,
    "experience_range":null,
    "company_rating":null,
    "company_reviews_count":null,
    "vacancy_count":null,
    "work_from_home_type":null,
    "search_term":"talent acquisition"
  },
  {
    "id":"li-4373563095",
    "site":"linkedin",
    "job_url":"https:\/\/www.linkedin.com\/jobs\/view\/4373563095",
    "job_url_direct":null,
    "title":"Pilot Recruitment Event in Rome",
    "company":"Wizz Air",
    "location":"Rome, Latium, Italy",
    "date_posted":1771200000000,
    "job_type":null,
    "salary_source":null,
    "interval":null,
    "min_amount":null,
    "max_amount":null,
    "currency":null,
    "is_remote":false,
    "job_level":"",
    "job_function":null,
    "listing_type":null,
    "emails":null,
    "description":null,
    "company_industry":null,
    "company_url":"https:\/\/hu.linkedin.com\/company\/wizzair",
    "company_logo":null,
    "company_url_direct":null,
    "company_addresses":null,
    "company_num_employees":null,
    "company_revenue":null,
    "company_description":null,
    "skills":null,
    "experience_range":null,
    "company_rating":null,
    "company_reviews_count":null,
    "vacancy_count":null,
    "work_from_home_type":null,
    "search_term":"talent acquisition"
  },
  {
    "id":"in-5d54341587162f32",
    "site":"indeed",
    "job_url":"https:\/\/it.indeed.com\/viewjob?jk=5d54341587162f32",
    "job_url_direct":"https:\/\/apply.workable.com\/j\/44E5276F81",
    "title":"HR Business Partner (IT - Remote)",
    "company":"ThinkingIT Corp.",
    "location":"Roma, LAZ, IT",
    "date_posted":1771459200000,
    "job_type":"fulltime",
    "salary_source":null,
    "interval":null,
    "min_amount":null,
    "max_amount":null,
    "currency":null,
    "is_remote":true,
    "job_level":null,
    "job_function":null,
    "listing_type":null,
    "emails":null,
    "description":"We are looking for a strategic **HR Business Partner (HRBP)** to collaborate closely with business leaders and drive HR initiatives that support organizational goals. The HRBP will act as a trusted advisor, influencing people strategies, fostering employee engagement, and enabling business performance across the company.\n\n\nThis role is ideal for a proactive professional who can combine operational HR expertise with strategic insight to help shape the workforce of tomorrow.  \n\n  \n\n**Key Responsibilities**\n\n**1\\. Strategic Partnership**\n\n* Partner with business leaders to understand business objectives and provide HR guidance.\n* Align HR initiatives with organizational strategy and priorities.\n* Drive workforce planning, succession planning, and organizational design.\n\n**2\\. Talent Management \\& Development**\n\n* Support leadership in talent review, performance management, and career development.\n* Identify skill gaps and work with Learning \\& Development to implement programs.\n* Promote high\\-potential employee development and retention strategies.\n\n**3\\. Employee Relations \\& Engagement**\n\n* Act as a trusted point of contact for managers and employees.\n* Provide guidance on employee relations, conflict resolution, and performance issues.\n* Lead initiatives to enhance employee engagement and company culture.\n\n**4\\. HR Operations \\& Compliance**\n\n* Ensure HR policies, procedures, and programs comply with local laws and regulations.\n* Partner with HR operations to deliver seamless HR services.\n* Maintain accurate HR metrics and reporting to support decision\\-making.\n\n**Requirements**\n\n* + Bachelor’s degree in Human Resources, Business Administration, or related field.\n\t+ 3–5 years of HR experience, ideally in a business partner or advisory role.\n\t+ Strong knowledge of labor laws and HR best practices.\n\t+ Excellent communication, influence, and stakeholder management skills.\n\t+ Strong analytical and problem\\-solving abilities.\n\t+ Ability to work in a fast\\-paced and dynamic environment.\n\n**Benefits**\n\n### **What We Offer**\n\n* Competitive salary package.\n* Professional growth and development opportunities.\n* Dynamic and supportive work environment.\n* Fully remote set up",
    "company_industry":null,
    "company_url":"https:\/\/it.indeed.com\/cmp\/Thinkingit-Corp.",
    "company_logo":null,
    "company_url_direct":null,
    "company_addresses":null,
    "company_num_employees":null,
    "company_revenue":null,
    "company_description":null,
    "skills":null,
    "experience_range":null,
    "company_rating":null,
    "company_reviews_count":null,
    "vacancy_count":null,
    "work_from_home_type":null,
    "search_term":"recruiter"
  },
  {
    "id":"in-07c6d28d00f459d3",
    "site":"indeed",
    "job_url":"https:\/\/it.indeed.com\/viewjob?jk=07c6d28d00f459d3",
    "job_url_direct":"https:\/\/webgenesys.intervieweb.it\/annunci.php?l=hr-specialist-687753&lang=it&d=indeed",
    "title":"HR Specialist",
    "company":"Webgenesys S.p.A.",
    "location":"Roma, LAZ, IT",
    "date_posted":1771372800000,
    "job_type":null,
    "salary_source":null,
    "interval":null,
    "min_amount":null,
    "max_amount":null,
    "currency":null,
    "is_remote":false,
    "job_level":null,
    "job_function":null,
    "listing_type":null,
    "emails":null,
    "description":"**Webgenesys Spa** è un Digital Enabler presente nel mercato ICT dal 2009\\. Grazie alle nostre competenze di System Integrator supportiamo clienti pubblici e privati nel percorso di trasformazione digitale, progettando soluzioni innovative e affidabili.\n\n\nOperiamo in ambiti strategici quali Sistemi \\& Cloud, Infrastrutture IT, Cybersecurity, Sviluppo \\& AI, Ricerca \\& Innovazione e Smart Collaboration \\& Intelligent Communication. Con un approccio consulenziale e tecnologie all’avanguardia, sviluppiamo e gestiamo progetti su misura, semplificando i processi e garantendo piena conformità normativa.\n\n  \n\nWebgenesys fa parte del Gruppo TXT, Global Digital Enabler quotato nel segmento STAR di Borsa Italiana (TXT.MI), ed è inoltre uno dei pilastri di TXT \\| Public Sector, il polo tecnologico dedicato alla trasformazione digitale delle Pubbliche Amministrazioni.\n\n  \n\n  \n\n**Posizione:**\n--------------\n\nPer il potenziamento del team HR \\& Training e per la nostra sede di Roma, siamo alla ricerca di un\/una HR SPECIALIST con almeno 2 anni di esperienza nel ruolo, maturata preferibilmente nel settore IT\/tech o in contesti aziendali strutturati.\n\n\nLa risorsa avrà un ruolo fortemente operativo e sarà responsabile della gestione dei processi di selezione e del monitoraggio dei principali KPI di recruiting, supportando il team nell’analisi dei dati e nella reportistica.\n\n**Principali responsabilità**\n\n* Gestione operativa end\\-to\\-end dei processi di ricerca e selezione\n* Utilizzo e aggiornamento dell’ATS aziendale\n* Monitoraggio e analisi dei KPI di recruiting\n* Predisposizione di reportistica periodica e aggiornamento dashboard HR\n* Supporto alle attività di employer branding, attraction e Training\n\n**Requisiti:**\n--------------\n\n* Almeno 2 anni di esperienza come HR Specialist \/ Recruiter\n* Esperienza nel settore IT o in aziende strutturate\n* Ottime capacità analitiche e dimestichezza con l’analisi dei dati di selezione\n* Ottima conoscenza di Excel\n* Esperienza nell’utilizzo di ATS; la conoscenza di InRecruiting costituirà titolo preferenziale\n* Ottime capacità relazionali e comunicative\n* Precisione, organizzazione e orientamento agli obiettivi\n* Predisposizione all'apprendimento\n\n**Altre informazioni:**\n-----------------------\n\n**Perché scegliere Webgenesys:**\n\n* Entra in una società attenta al benessere delle persone ed impegnata nel miglioramento dell’ambiente di lavoro: Certificazione Etica SA8000®:2014 e UNI PdR 125:2022;\n* Insieme alle aziende Net Service, N\\&C, Fides e Reevo, Webgenesys è tra i soci fondatori di Italit, rete di imprese 100% italiane, certificate ISO9001 e ISO27001;\n* Consolida le tue competenze all’interno di una realtà stimolante, aperta al confronto e fortemente orientata all'innovazione tecnologica;\n* Formazione professionale e certificazioni;\n* Welfare aziendale.\n\n  \n\nIl presente annuncio si rivolge a candidati di entrambi i sessi ai sensi della legge (L.903\/77 e D.Lgs n. 98\/2006, art 27\\). L'interessato è invitato a inviare la propria candidatura rilasciando specifico consenso al trattamento dei dati personali, ai sensi della nuova normativa europea sulla Privacy, conforme agli artt. 13 e 14 del GDPR (Regolamento (UE), 27 aprile 2016, n. 2016\/679\\).",
    "company_industry":null,
    "company_url":"https:\/\/it.indeed.com\/cmp\/Webgenesys-S.p.a.",
    "company_logo":null,
    "company_url_direct":null,
    "company_addresses":null,
    "company_num_employees":null,
    "company_revenue":null,
    "company_description":null,
    "skills":null,
    "experience_range":null,
    "company_rating":null,
    "company_reviews_count":null,
    "vacancy_count":null,
    "work_from_home_type":null,
    "search_term":"recruiter"
  },
  {
    "id":"in-93a5f1a7f8d894c1",
    "site":"indeed",
    "job_url":"https:\/\/it.indeed.com\/viewjob?jk=93a5f1a7f8d894c1",
    "job_url_direct":"https:\/\/eco.teamtailor.com\/jobs\/7249582-impiegato-a-ufficio-risorse-umane-grande-distribuzione-organizzata",
    "title":"Impiegato\/a Ufficio Risorse Umane – Grande Distribuzione Organizzata",
    "company":"Twins",
    "location":"Roma, LAZ, IT",
    "date_posted":1771372800000,
    "job_type":"fulltime",
    "salary_source":null,
    "interval":null,
    "min_amount":null,
    "max_amount":null,
    "currency":null,
    "is_remote":false,
    "job_level":null,
    "job_function":null,
    "listing_type":null,
    "emails":null,
    "description":"Struttura operativa attiva nel settore della Grande Distribuzione Organizzata inserisce una risorsa all’interno dell’area Risorse Umane per il supporto amministrativo e organizzativo nella gestione del personale di punti vendita e sedi operative.\n\n\n\nLa figura collabora con il team HR per garantire la corretta gestione documentale e il coordinamento delle attività legate ai dipendenti, in un contesto strutturato e dinamico.\n\n\n\nAttività previste\n\n\n* Supporto nella gestione delle pratiche di assunzione, proroghe e variazioni contrattuali\n* Aggiornamento delle anagrafiche dipendenti e archiviazione della documentazione HR\n* Monitoraggio delle scadenze (contratti, formazione obbligatoria, visite mediche)\n* Raccolta e controllo delle presenze provenienti dai punti vendita\n* Organizzazione di colloqui e attività formative interne\n* Predisposizione di report a supporto della direzione del personale\n\n\nRequisiti richiesti\n\n\n* Diploma di scuola secondaria superiore\n* Precisione e riservatezza nella gestione dei dati personali\n* Buona conoscenza degli strumenti informatici (Word, Excel, posta elettronica)\n* Capacità organizzative e gestione delle priorità\n* Attitudine alla collaborazione con reparti interni e sedi operative\n\n\nOfferta\n\n\n* Contratto a tempo determinato\n* Orario full time dal lunedì al venerdì\n* Inserimento operativo con supporto nella gestione delle attività quotidiane\n\n\nSede di lavoro: Roma",
    "company_industry":null,
    "company_url":"https:\/\/it.indeed.com\/cmp\/Twins",
    "company_logo":null,
    "company_url_direct":"https:\/\/www.web-canape.ru",
    "company_addresses":"Smolensk",
    "company_num_employees":"11 to 50",
    "company_revenue":null,
    "company_description":null,
    "skills":null,
    "experience_range":null,
    "company_rating":null,
    "company_reviews_count":null,
    "vacancy_count":null,
    "work_from_home_type":null,
    "search_term":"recruiter"
  },
  {
    "id":"in-a82bcd5b613ca42a",
    "site":"indeed",
    "job_url":"https:\/\/it.indeed.com\/viewjob?jk=a82bcd5b613ca42a",
    "job_url_direct":"http:\/\/it.indeed.com\/job\/stagista-recruiter-a82bcd5b613ca42a",
    "title":"Stagista Recruiter",
    "company":"CONSORZIO STABILE LGA SERVICE",
    "location":"Roma, LAZ, IT",
    "date_posted":1771286400000,
    "job_type":"fulltime",
    "salary_source":null,
    "interval":null,
    "min_amount":null,
    "max_amount":null,
    "currency":null,
    "is_remote":false,
    "job_level":null,
    "job_function":null,
    "listing_type":null,
    "emails":null,
    "description":"La nostra azienda è alla ricerca di una risorsa da inserire in stage a supporto del team HR e delle attività di back office.\n\nLa risorsa selezionata, in affiancamento al responsabile, si occuperà di:\n\n* Supporto nelle attività di ricerca e selezione del personale\n* Pubblicazione annunci\n* Screening CV\n* Primo contatto con i candidati\n* Organizzazione colloqui\n* Attività di back office\n\n**Luogo di lavoro:** Via Salaria, zona Settebagni, Roma\n\n**L’attività si svolgerà dal lunedì al venerdì, con eventuale disponibilità di lavorare il sabato, in base alle esigenze aziendali:**\n\n* **Orario 09:00\/18:00**\n\n**Requisiti**:\n\n* Disponibilità immediata\n* Serietà e puntualità\n* Buone capacità organizzative e di comunicazione\n* Conoscenza base del pacchetto Office\n\n**Contratto CCNL di categoria**\n\nIl presente annuncio è rivolto ad entrambi i sessi, ai sensi delle leggi 903\/77 e 125\/91, e a persone di tutte le età e tutte le nazionalità, ai sensi dei decreti legislativi 215\/03 e 216\/03\\.\n\nContratto di lavoro: Tempo pieno\n\nSede di lavoro: Di persona",
    "company_industry":null,
    "company_url":"https:\/\/it.indeed.com\/cmp\/Consorzio-Stabile-Lga-Service-1",
    "company_logo":null,
    "company_url_direct":null,
    "company_addresses":null,
    "company_num_employees":null,
    "company_revenue":null,
    "company_description":null,
    "skills":null,
    "experience_range":null,
    "company_rating":null,
    "company_reviews_count":null,
    "vacancy_count":null,
    "work_from_home_type":null,
    "search_term":"recruiter"
  },
  {
    "id":"in-cc2eb24c3accfa9c",
    "site":"indeed",
    "job_url":"https:\/\/it.indeed.com\/viewjob?jk=cc2eb24c3accfa9c",
    "job_url_direct":"https:\/\/inrec.intervieweb.it\/annunci.php?l=operatori-recruiting-parttime-209086&lang=it&d=indeed&LAC=ntw",
    "title":"Operatori Recruiting (PART-TIME)",
    "company":"NTWK",
    "location":"Roma, LAZ, IT",
    "date_posted":1771200000000,
    "job_type":"parttime",
    "salary_source":null,
    "interval":null,
    "min_amount":null,
    "max_amount":null,
    "currency":null,
    "is_remote":false,
    "job_level":null,
    "job_function":null,
    "listing_type":null,
    "emails":null,
    "description":"NTWK, azienda italiana operante nella ricerca e selezione del personale, si occupa di soddisfare le necessità dei clienti offrendo servizi personalizzati.\n\n  \n\n  \n\n**Posizione:**\n--------------\n\nPer azienda cliente selezioniamo 3 operatrici\/operatori telefonici che si occuperanno di reclutamento del personale. No vendita.\n\n  \n\nPrevisto un breve periodo di formazione retribuito. Inquadramento a norma di legge con fisso mensile.\n\n\nOrario di lavoro: part\\-time.\n\n\nZona di lavoro: Roma Tuscolana (vicino Metro Furio Camillo).\n\n**Requisiti:**\n--------------\n\nNon è richiesta esperienza pregressa.",
    "company_industry":null,
    "company_url":"https:\/\/it.indeed.com\/cmp\/Ntwk",
    "company_logo":null,
    "company_url_direct":null,
    "company_addresses":null,
    "company_num_employees":null,
    "company_revenue":null,
    "company_description":null,
    "skills":null,
    "experience_range":null,
    "company_rating":null,
    "company_reviews_count":null,
    "vacancy_count":null,
    "work_from_home_type":null,
    "search_term":"recruiter"
  },
  {
    "id":"in-f8588f663ab8e9fb",
    "site":"indeed",
    "job_url":"https:\/\/it.indeed.com\/viewjob?jk=f8588f663ab8e9fb",
    "job_url_direct":"https:\/\/career.ita-airways.com\/job\/HR-ANALYST\/739-it_IT",
    "title":"HR ANALYST",
    "company":"ITA airways",
    "location":"Fiumicino, LAZ, IT",
    "date_posted":1769731200000,
    "job_type":null,
    "salary_source":null,
    "interval":null,
    "min_amount":null,
    "max_amount":null,
    "currency":null,
    "is_remote":false,
    "job_level":null,
    "job_function":null,
    "listing_type":null,
    "emails":null,
    "description":"ITA Airways, la Compagnia di bandiera italiana sta assumendo!\n\n\nAbbiamo bisogno di portare a bordo persone qualificate, motivate e con la voglia di mettersi in gioco con passione e iniziativa.\n\n\nPer la funzione Human Resources selezioniamo un\/una:  \n\n\n\n**HR ANALYST**\n\nScopo del ruolo assicurare la gestione dell’intero ciclo di vita aziendale del dipendente attraverso il coordinamento del team all’interno dell’area assegnata, nel rispetto delle politiche gestionali e di sviluppo, al fine di favorirne l’ottimale collocazione, utilizzo e valorizzazione.\n\n\n**Di cosa ti occuperai?**\n-------------------------\n\n* Curare la creazione di dashboard, file e report predittivi, trasformando dati gestionali complessi in insight utili per supportare le decisioni strategiche, le attività di pianificazione dei Responsabili e i diversi progetti HR.\n* Supportare la raccolta e l’analisi di metriche HR per collaborare, anche in ottica proattiva, all’identificazione dei trend significativi, alla definizione di KPI di processo e alla valorizzazione di tutte le iniziative HR.\n* Mantenere una comunicazione costante, valorizzando il dialogo con le Linee di Business e il personale gestito, raccogliendo eventuali feedback e suggerimenti, e monitorando il clima aziendale.\n* Garantire l’applicazione e il rispetto delle norme contenute nel CCNL e la normativa di riferimento, curando la redazione, ove necessario, di procedimenti disciplinari.\n* Assicurare il supporto per la realizzazione del processo di selezione del personale, in collaborazione con la funzione di Recruiting e le Linee di Business.\n* Supportare tutte le attività HR di gestione di sviluppo del capitale umano e talent management.\n**Cosa stiamo cercando?**\n-------------------------\n\n* Almeno 3 \\- 4 anni di esperienza nel ruolo\n* Laurea in discipline Economiche, Giuridiche, Ingegneria Gestionale\n* Livello inglese: B2\n* Ottima conoscenza di MS Office (in particolare Power Point and Excel)\n**Competenze**\n--------------\n\n* Mindset analitico e capacità logico\\-matematiche\n* Capacità di gestire e sintetizzare grande quantità di informazioni con orientamento all’obiettivo finale\n* Precisione e spiccata proattività\n* Ottime doti comunicative e relazionali\n* Riservatezza e capacità gestionale\n**Cosa offriamo?**\n------------------\n\nContratto CCNL Trasporto Aereo con livello e RAL commisurati alla tua effettiva esperienza.\n\n\n**Dove lavorerai?**\n-------------------\n\nFiumicino, RM.  \n\n\n\nSe ti riconosci in queste caratteristiche, aspettiamo la tua candidatura!  \n\n\n\n*Si invitano i candidati a prendere visione dell’informativa che ITA ha predisposto conformemente a quanto previsto dal Regolamento (UE) n. 679\/2016 e dal D.lgs. N 196\/2003, nella pagina “Lavora con noi” del sito* *www.ita\\-airways.com* *. Le offerte si intendono rivolte a persone di entrambi i sessi (L.903\/77\\).*",
    "company_industry":null,
    "company_url":"https:\/\/it.indeed.com\/cmp\/Ita-Airways",
    "company_logo":null,
    "company_url_direct":null,
    "company_addresses":null,
    "company_num_employees":null,
    "company_revenue":null,
    "company_description":null,
    "skills":null,
    "experience_range":null,
    "company_rating":null,
    "company_reviews_count":null,
    "vacancy_count":null,
    "work_from_home_type":null,
    "search_term":"recruiter"
  },
  {
    "id":"li-4373106227",
    "site":"linkedin",
    "job_url":"https:\/\/www.linkedin.com\/jobs\/view\/4373106227",
    "job_url_direct":null,
    "title":"Recruiter freelance",
    "company":"Edilizia Alternativa",
    "location":"Rome, Latium, Italy",
    "date_posted":1771459200000,
    "job_type":null,
    "salary_source":null,
    "interval":null,
    "min_amount":null,
    "max_amount":null,
    "currency":null,
    "is_remote":false,
    "job_level":"",
    "job_function":null,
    "listing_type":null,
    "emails":null,
    "description":null,
    "company_industry":null,
    "company_url":"https:\/\/it.linkedin.com\/company\/edilizia-alternativa",
    "company_logo":null,
    "company_url_direct":null,
    "company_addresses":null,
    "company_num_employees":null,
    "company_revenue":null,
    "company_description":null,
    "skills":null,
    "experience_range":null,
    "company_rating":null,
    "company_reviews_count":null,
    "vacancy_count":null,
    "work_from_home_type":null,
    "search_term":"recruiter"
  },
  {
    "id":"li-4374380649",
    "site":"linkedin",
    "job_url":"https:\/\/www.linkedin.com\/jobs\/view\/4374380649",
    "job_url_direct":null,
    "title":"Responsabile Risorse Umane – Commerciale e Distribuzione",
    "company":"EmmeBi Group",
    "location":"Rome, Latium, Italy",
    "date_posted":1771545600000,
    "job_type":null,
    "salary_source":null,
    "interval":null,
    "min_amount":null,
    "max_amount":null,
    "currency":null,
    "is_remote":false,
    "job_level":"",
    "job_function":null,
    "listing_type":null,
    "emails":null,
    "description":null,
    "company_industry":null,
    "company_url":"https:\/\/www.linkedin.com\/company\/emmebi-group",
    "company_logo":null,
    "company_url_direct":null,
    "company_addresses":null,
    "company_num_employees":null,
    "company_revenue":null,
    "company_description":null,
    "skills":null,
    "experience_range":null,
    "company_rating":null,
    "company_reviews_count":null,
    "vacancy_count":null,
    "work_from_home_type":null,
    "search_term":"recruiting"
  },
  {
    "id":"li-4375811505",
    "site":"linkedin",
    "job_url":"https:\/\/www.linkedin.com\/jobs\/view\/4375811505",
    "job_url_direct":null,
    "title":"HRBP RETAIL CENTRO ITALIA",
    "company":"LHH",
    "location":"Rome, Latium, Italy",
    "date_posted":1771545600000,
    "job_type":null,
    "salary_source":null,
    "interval":null,
    "min_amount":null,
    "max_amount":null,
    "currency":null,
    "is_remote":false,
    "job_level":"",
    "job_function":null,
    "listing_type":null,
    "emails":null,
    "description":null,
    "company_industry":null,
    "company_url":"https:\/\/www.linkedin.com\/company\/lhhworldwide",
    "company_logo":null,
    "company_url_direct":null,
    "company_addresses":null,
    "company_num_employees":null,
    "company_revenue":null,
    "company_description":null,
    "skills":null,
    "experience_range":null,
    "company_rating":null,
    "company_reviews_count":null,
    "vacancy_count":null,
    "work_from_home_type":null,
    "search_term":"recruiting"
  },
  {
    "id":"li-4374008813",
    "site":"linkedin",
    "job_url":"https:\/\/www.linkedin.com\/jobs\/view\/4374008813",
    "job_url_direct":null,
    "title":"Responsabile Risorse Umane – Prodotti per la Cura del Riposo",
    "company":"EmmeBi Group",
    "location":"Rome, Latium, Italy",
    "date_posted":1771459200000,
    "job_type":null,
    "salary_source":null,
    "interval":null,
    "min_amount":null,
    "max_amount":null,
    "currency":null,
    "is_remote":false,
    "job_level":"",
    "job_function":null,
    "listing_type":null,
    "emails":null,
    "description":null,
    "company_industry":null,
    "company_url":"https:\/\/www.linkedin.com\/company\/emmebi-group",
    "company_logo":null,
    "company_url_direct":null,
    "company_addresses":null,
    "company_num_employees":null,
    "company_revenue":null,
    "company_description":null,
    "skills":null,
    "experience_range":null,
    "company_rating":null,
    "company_reviews_count":null,
    "vacancy_count":null,
    "work_from_home_type":null,
    "search_term":"recruiting"
  },
  {
    "id":"li-4373964211",
    "site":"linkedin",
    "job_url":"https:\/\/www.linkedin.com\/jobs\/view\/4373964211",
    "job_url_direct":null,
    "title":"Impiegato\/a Risorse Umane",
    "company":"key-absolute",
    "location":"Rome, Latium, Italy",
    "date_posted":1771286400000,
    "job_type":null,
    "salary_source":null,
    "interval":null,
    "min_amount":null,
    "max_amount":null,
    "currency":null,
    "is_remote":false,
    "job_level":"",
    "job_function":null,
    "listing_type":null,
    "emails":null,
    "description":null,
    "company_industry":null,
    "company_url":"https:\/\/www.linkedin.com\/company\/key-absolute",
    "company_logo":null,
    "company_url_direct":null,
    "company_addresses":null,
    "company_num_employees":null,
    "company_revenue":null,
    "company_description":null,
    "skills":null,
    "experience_range":null,
    "company_rating":null,
    "company_reviews_count":null,
    "vacancy_count":null,
    "work_from_home_type":null,
    "search_term":"recruiting"
  },
  {
    "id":"li-4374149768",
    "site":"linkedin",
    "job_url":"https:\/\/www.linkedin.com\/jobs\/view\/4374149768",
    "job_url_direct":null,
    "title":"Construction Leadership Academy: Percorso di Alta Formazione e Selezione",
    "company":"RADAR - Academy & Recruiting",
    "location":"Rome, Latium, Italy",
    "date_posted":1771286400000,
    "job_type":null,
    "salary_source":null,
    "interval":null,
    "min_amount":null,
    "max_amount":null,
    "currency":null,
    "is_remote":false,
    "job_level":"",
    "job_function":null,
    "listing_type":null,
    "emails":null,
    "description":null,
    "company_industry":null,
    "company_url":"https:\/\/it.linkedin.com\/school\/radar-academy-recruiting\/",
    "company_logo":null,
    "company_url_direct":null,
    "company_addresses":null,
    "company_num_employees":null,
    "company_revenue":null,
    "company_description":null,
    "skills":null,
    "experience_range":null,
    "company_rating":null,
    "company_reviews_count":null,
    "vacancy_count":null,
    "work_from_home_type":null,
    "search_term":"recruiting"
  },
  {
    "id":"in-4aeb3f7015a7d6ea",
    "site":"indeed",
    "job_url":"https:\/\/it.indeed.com\/viewjob?jk=4aeb3f7015a7d6ea",
    "job_url_direct":"https:\/\/www.gazzettaufficiale.it\/atto\/concorsi\/caricaDettaglioAtto\/originario?atto.dataPubblicazioneGazzetta=2026-02-17&atto.codiceRedazionale=26E00626",
    "title":"Procedura di selezione per la chiamata di un professore di prima fascia, GSD 13\/ECON-01 - Economia politica, per il Dipartimento di Economics and Financial Markets.",
    "company":"LIBERA UNIVERSITA' INTERNAZIONALE DEGLI STUDI SOCIALI GUIDO CARLI DI ROMA",
    "location":"Roma, LAZ, IT",
    "date_posted":1771286400000,
    "job_type":null,
    "salary_source":null,
    "interval":null,
    "min_amount":null,
    "max_amount":null,
    "currency":null,
    "is_remote":false,
    "job_level":null,
    "job_function":null,
    "listing_type":null,
    "emails":null,
    "description":"La LUISS Libera universita' internazionale degli studi sociali\nGuido Carli ha bandito, ai sensi dell'art. 18, comma 4\\-ter della\nlegge 30 dicembre 2010, n. 240, procedura selettiva per la chiamata\ndi un professore di ruolo con le seguenti caratteristiche:\n numero posti: uno;\n professore di ruolo di prima fascia;\n Dipartimento di Economics and Financial Markets;\n gruppo scientifico\\-disciplinare 13\/ECON\\-01 \\- Economia politica;\n settore scientifico\\-disciplinare ECON\\-01\/A \\- Economia politica;\n codice concorso DEFM\\-ORD20%\\-01\/2026\\.\n Il trattamento economico spettante al vincitore del presente\nbando, ai sensi dell'art. 8 della legge n. 240\/2010 e del decreto del\nPresidente della Repubblica 15 dicembre 2011, n. 232, e' quello\nprevisto per i professori universitari di ruolo di prima fascia,\nsecondo la posizione di carriera del vincitore stesso ed il regime di\nimpegno prescelto.\n Le domande di partecipazione di cui al suddetto bando dovranno\npervenire con le modalita' previste dall'art. 3 del bando di\nconcorso, entro le ore 14:00 (CET) del giorno 19 marzo 2026\\.\n Diritti e doveri della posizione sono disciplinati dal bando di\nconcorso e dal regolamento della LUISS Guido Carli relativo alla\ndisciplina delle procedure di chiamata dei professori di prima e\nseconda fascia della LUISS Guido Carli (in attuazione degli articoli\n7, 18 e 24 della legge 30 dicembre 2010, n. 240 e dell'art. 1, commi\n9 e 12, della legge n. 230 del 4 novembre 2005, n. 230\\).\n Copia del bando e del regolamento sono disponibili sul sito web\ndell'Universita' http:\/\/www.luiss.it e presso l'ufficio del personale\ndocente dell'Ateneo in Viale Pola, 12 \\- 00198 Roma.",
    "company_industry":null,
    "company_url":"https:\/\/it.indeed.com\/cmp\/Libera-Universita'-Internazionale-Degli-Studi-Sociali-Guido-Carli-Di-Roma",
    "company_logo":null,
    "company_url_direct":null,
    "company_addresses":null,
    "company_num_employees":null,
    "company_revenue":null,
    "company_description":null,
    "skills":null,
    "experience_range":null,
    "company_rating":null,
    "company_reviews_count":null,
    "vacancy_count":null,
    "work_from_home_type":null,
    "search_term":"selezione personale"
  },
  {
    "id":"li-4373323755",
    "site":"linkedin",
    "job_url":"https:\/\/www.linkedin.com\/jobs\/view\/4373323755",
    "job_url_direct":null,
    "title":"Impiegato\/a Risorse Umane – Servizi alle Imprese",
    "company":"tecno-system",
    "location":"Rome, Latium, Italy",
    "date_posted":1771372800000,
    "job_type":null,
    "salary_source":null,
    "interval":null,
    "min_amount":null,
    "max_amount":null,
    "currency":null,
    "is_remote":false,
    "job_level":"",
    "job_function":null,
    "listing_type":null,
    "emails":null,
    "description":null,
    "company_industry":null,
    "company_url":"https:\/\/www.linkedin.com\/company\/tecno-system-2",
    "company_logo":null,
    "company_url_direct":null,
    "company_addresses":null,
    "company_num_employees":null,
    "company_revenue":null,
    "company_description":null,
    "skills":null,
    "experience_range":null,
    "company_rating":null,
    "company_reviews_count":null,
    "vacancy_count":null,
    "work_from_home_type":null,
    "search_term":"selezione personale"
  },
  {
    "id":"in-d58c707c78a09f94",
    "site":"indeed",
    "job_url":"https:\/\/it.indeed.com\/viewjob?jk=d58c707c78a09f94",
    "job_url_direct":"https:\/\/hrweb.intervieweb.it\/annunci.php?l=selezione-roma-centro-febbraio-2025-149813&lang=it&d=indeed&LAC=mkd",
    "title":"Selezione ROMA CENTRO - Giornate FULL TIME",
    "company":"Globe MKD",
    "location":"Roma, LAZ, IT",
    "date_posted":1771545600000,
    "job_type":"fulltime",
    "salary_source":null,
    "interval":null,
    "min_amount":null,
    "max_amount":null,
    "currency":null,
    "is_remote":false,
    "job_level":null,
    "job_function":null,
    "listing_type":null,
    "emails":null,
    "description":"Adamas realtà di Direct Marketing, recluta Promoter Commerciali – Anche senza esperienza.\n\n **Verranno presi in considerazione profili anche alla prima esperienza nel mondo del lavoro o che abbiano maturato esperienze brevi (es. stage) in campo commerciale – commesso \/ commessa \/ addetti alla vendita \/ cassiere \/ cassiera \/ call center \/ customer care \/ customer service \/ servizio clienti.**\n\n  \n\n  \n\n**Posizione:**\n--------------\n\nCompito delle risorse selezionate sarà quello di promuovere \\[a diretto contatto con la clientela] i progetti di brand internazionali sul territorio di ROMA, presenziando eventi in centri commerciali, aree residenziali d2d autorizzate e piazze, fiere, catene della GDO, stazioni e aeroporti.\n\n**Requisiti:**\n--------------\n\nL'Offerta lavorativa prevede:\n\n* Contratto iniziale di 12 mesi;\n* Percorso formativo ad intero carico dell'azienda;\n* FISSO MENSILE.",
    "company_industry":null,
    "company_url":"https:\/\/it.indeed.com\/cmp\/Globe-Mkd",
    "company_logo":null,
    "company_url_direct":null,
    "company_addresses":null,
    "company_num_employees":null,
    "company_revenue":null,
    "company_description":null,
    "skills":null,
    "experience_range":null,
    "company_rating":null,
    "company_reviews_count":null,
    "vacancy_count":null,
    "work_from_home_type":null,
    "search_term":"addetto selezione"
  },
  {
    "id":"li-4374014717",
    "site":"linkedin",
    "job_url":"https:\/\/www.linkedin.com\/jobs\/view\/4374014717",
    "job_url_direct":null,
    "title":"Addetto\/a Amministrazione del Personale - Ufficio Risorse Umane",
    "company":"tecno-system",
    "location":"Fondi, Latium, Italy",
    "date_posted":1771459200000,
    "job_type":null,
    "salary_source":null,
    "interval":null,
    "min_amount":null,
    "max_amount":null,
    "currency":null,
    "is_remote":false,
    "job_level":"",
    "job_function":null,
    "listing_type":null,
    "emails":null,
    "description":null,
    "company_industry":null,
    "company_url":"https:\/\/www.linkedin.com\/company\/tecno-system-2",
    "company_logo":null,
    "company_url_direct":null,
    "company_addresses":null,
    "company_num_employees":null,
    "company_revenue":null,
    "company_description":null,
    "skills":null,
    "experience_range":null,
    "company_rating":null,
    "company_reviews_count":null,
    "vacancy_count":null,
    "work_from_home_type":null,
    "search_term":"addetto selezione"
  }
]