"id","site","job_url","job_url_direct","title","company","location","date_posted","job_type","salary_source","interval","min_amount","max_amount","currency","is_remote","job_level","job_function","listing_type","emails","description","company_industry","company_url","company_logo","company_url_direct","company_addresses","company_num_employees","company_revenue","company_description","skills","experience_range","company_rating","company_reviews_count","vacancy_count","work_from_home_type","search_term"
"in-8435093b0586c1ab","indeed","https://it.indeed.com/viewjob?jk=8435093b0586c1ab","https://apply.workable.com/j/76D33426A6","HR Manager (IT - Remote)","ThinkingIT Corp.","Roma, LAZ, IT","2026-02-19","fulltime","","","","","",True,"","","","","We are seeking an experienced and strategic **HR Manager** to lead and develop our Human Resources function. This role is ideal for a proactive professional who can balance operational HR responsibilities with strategic workforce planning, talent development, and organizational growth initiatives.


The HR Manager will play a key role in shaping company culture, strengthening employee engagement, and ensuring compliance with labor regulations while supporting business objectives.  

  

**Key Responsibilities**

**1\. HR Strategy \& Leadership**

* Develop and implement HR strategies aligned with company goals.
* Advise management on organizational structure, workforce planning, and talent management.
* Lead and mentor the HR team (if applicable).

**2\. Recruitment \& Talent Acquisition**

* Oversee full\-cycle recruitment and onboarding processes.
* Develop effective sourcing strategies to attract top talent.
* Improve employer branding initiatives.

**3\. Employee Relations \& Engagement**

* Foster a positive and inclusive work environment.
* Handle employee relations matters, conflict resolution, and disciplinary processes.
* Lead employee engagement and retention initiatives.

**4\. Performance Management**

* Implement and manage performance appraisal systems.
* Support managers in goal setting, feedback, and employee development plans.

**5\. Compensation \& Benefits**

* Manage payroll coordination, compensation benchmarking, and benefits administration.
* Ensure competitive and compliant compensation structures.

**6\. Compliance \& Policies**

* Ensure compliance with local labor laws and regulations.
* Develop, update, and implement HR policies and procedures.
* Maintain accurate HR records and reporting.

**7\. Learning \& Development**

* Identify training needs and implement development programs.
* Support leadership development and succession planning initiatives.

**Requirements**

* Bachelor’s degree in Human Resources, Business Administration, or related field.
* 5\+ years of progressive HR experience, with at least 2 years in a managerial role.
* Strong knowledge of labor legislation and HR best practices.
* Excellent communication and leadership skills.
* High level of integrity and confidentiality.
* Strong organizational and problem\-solving skills.

**Benefits**

### **What We Offer**

* Competitive salary package.
* Professional growth and development opportunities.
* Dynamic and supportive work environment.
* Fully remote set up","","https://it.indeed.com/cmp/Thinkingit-Corp.","","","","","","","","","","","","","talent acquisition"
"li-4375809486","linkedin","https://www.linkedin.com/jobs/view/4375809486","","Talent Acquisition & Employer Branding Specialist","Angelini Pharma","Rome, Latium, Italy","2026-02-20","","","","","","",False,"","","","","","","https://it.linkedin.com/company/angelinipharma","","","","","","","","","","","","","talent acquisition"
"li-4375613154","linkedin","https://www.linkedin.com/jobs/view/4375613154","","Talent Acquisition Manager","Jobbit","Rome, Latium, Italy","2026-02-20","","","","","","",False,"","","","","","","https://www.linkedin.com/company/we-are-jobbit","","","","","","","","","","","","","talent acquisition"
"li-4374083419","linkedin","https://www.linkedin.com/jobs/view/4374083419","","Buzz Recruitment Day – Lisbon – 09 March 2026","Ryanair - Europe's Favourite Airline","Fiumicino, Latium, Italy","2026-02-19","","","","","","",False,"","","","","","","https://ie.linkedin.com/company/ryanair","","","","","","","","","","","","","talent acquisition"
"li-4324290308","linkedin","https://www.linkedin.com/jobs/view/4324290308","","Talent Acquisition","DXC Technology","Rome, Latium, Italy","2026-02-18","","","","","","",False,"","","","","","","https://www.linkedin.com/company/dxctechnology","","","","","","","","","","","","","talent acquisition"
"li-4372463744","linkedin","https://www.linkedin.com/jobs/view/4372463744","","CLIENT RECRUITMENT SPECIALIST ON SITE","Gi Group","Rome, Latium, Italy","2026-02-18","","","","","","",False,"","","","","","","https://it.linkedin.com/company/gi-group","","","","","","","","","","","","","talent acquisition"
"li-4372870383","linkedin","https://www.linkedin.com/jobs/view/4372870383","","ADDETTO/A RICERCA E SELEZIONE DEL PERSONALE","FONDAZIONE LAVORO","Rome, Latium, Italy","2026-02-17","","","","","","",False,"","","","","","","https://it.linkedin.com/company/fondazione-lavoro","","","","","","","","","","","","","talent acquisition"
"li-4371975588","linkedin","https://www.linkedin.com/jobs/view/4371975588","","HR Generalist","Chaberton Professionals","Rome, Latium, Italy","2026-02-17","","","","","","",False,"","","","","","","https://ch.linkedin.com/company/chabertonprofessionals","","","","","","","","","","","","","talent acquisition"
"li-4373910412","linkedin","https://www.linkedin.com/jobs/view/4373910412","","Graduate Talent Scientist","Canonical","Rome, Latium, Italy","2026-02-17","","","","","","",False,"","","","","","","https://uk.linkedin.com/company/canonical","","","","","","","","","","","","","talent acquisition"
"li-4373563095","linkedin","https://www.linkedin.com/jobs/view/4373563095","","Pilot Recruitment Event in Rome","Wizz Air","Rome, Latium, Italy","2026-02-16","","","","","","",False,"","","","","","","https://hu.linkedin.com/company/wizzair","","","","","","","","","","","","","talent acquisition"
"in-5d54341587162f32","indeed","https://it.indeed.com/viewjob?jk=5d54341587162f32","https://apply.workable.com/j/44E5276F81","HR Business Partner (IT - Remote)","ThinkingIT Corp.","Roma, LAZ, IT","2026-02-19","fulltime","","","","","",True,"","","","","We are looking for a strategic **HR Business Partner (HRBP)** to collaborate closely with business leaders and drive HR initiatives that support organizational goals. The HRBP will act as a trusted advisor, influencing people strategies, fostering employee engagement, and enabling business performance across the company.


This role is ideal for a proactive professional who can combine operational HR expertise with strategic insight to help shape the workforce of tomorrow.  

  

**Key Responsibilities**

**1\. Strategic Partnership**

* Partner with business leaders to understand business objectives and provide HR guidance.
* Align HR initiatives with organizational strategy and priorities.
* Drive workforce planning, succession planning, and organizational design.

**2\. Talent Management \& Development**

* Support leadership in talent review, performance management, and career development.
* Identify skill gaps and work with Learning \& Development to implement programs.
* Promote high\-potential employee development and retention strategies.

**3\. Employee Relations \& Engagement**

* Act as a trusted point of contact for managers and employees.
* Provide guidance on employee relations, conflict resolution, and performance issues.
* Lead initiatives to enhance employee engagement and company culture.

**4\. HR Operations \& Compliance**

* Ensure HR policies, procedures, and programs comply with local laws and regulations.
* Partner with HR operations to deliver seamless HR services.
* Maintain accurate HR metrics and reporting to support decision\-making.

**Requirements**

* + Bachelor’s degree in Human Resources, Business Administration, or related field.
	+ 3–5 years of HR experience, ideally in a business partner or advisory role.
	+ Strong knowledge of labor laws and HR best practices.
	+ Excellent communication, influence, and stakeholder management skills.
	+ Strong analytical and problem\-solving abilities.
	+ Ability to work in a fast\-paced and dynamic environment.

**Benefits**

### **What We Offer**

* Competitive salary package.
* Professional growth and development opportunities.
* Dynamic and supportive work environment.
* Fully remote set up","","https://it.indeed.com/cmp/Thinkingit-Corp.","","","","","","","","","","","","","recruiter"
"in-07c6d28d00f459d3","indeed","https://it.indeed.com/viewjob?jk=07c6d28d00f459d3","https://webgenesys.intervieweb.it/annunci.php?l=hr-specialist-687753&lang=it&d=indeed","HR Specialist","Webgenesys S.p.A.","Roma, LAZ, IT","2026-02-18","","","","","","",False,"","","","","**Webgenesys Spa** è un Digital Enabler presente nel mercato ICT dal 2009\. Grazie alle nostre competenze di System Integrator supportiamo clienti pubblici e privati nel percorso di trasformazione digitale, progettando soluzioni innovative e affidabili.


Operiamo in ambiti strategici quali Sistemi \& Cloud, Infrastrutture IT, Cybersecurity, Sviluppo \& AI, Ricerca \& Innovazione e Smart Collaboration \& Intelligent Communication. Con un approccio consulenziale e tecnologie all’avanguardia, sviluppiamo e gestiamo progetti su misura, semplificando i processi e garantendo piena conformità normativa.

  

Webgenesys fa parte del Gruppo TXT, Global Digital Enabler quotato nel segmento STAR di Borsa Italiana (TXT.MI), ed è inoltre uno dei pilastri di TXT \| Public Sector, il polo tecnologico dedicato alla trasformazione digitale delle Pubbliche Amministrazioni.

  

  

**Posizione:**
--------------

Per il potenziamento del team HR \& Training e per la nostra sede di Roma, siamo alla ricerca di un/una HR SPECIALIST con almeno 2 anni di esperienza nel ruolo, maturata preferibilmente nel settore IT/tech o in contesti aziendali strutturati.


La risorsa avrà un ruolo fortemente operativo e sarà responsabile della gestione dei processi di selezione e del monitoraggio dei principali KPI di recruiting, supportando il team nell’analisi dei dati e nella reportistica.

**Principali responsabilità**

* Gestione operativa end\-to\-end dei processi di ricerca e selezione
* Utilizzo e aggiornamento dell’ATS aziendale
* Monitoraggio e analisi dei KPI di recruiting
* Predisposizione di reportistica periodica e aggiornamento dashboard HR
* Supporto alle attività di employer branding, attraction e Training

**Requisiti:**
--------------

* Almeno 2 anni di esperienza come HR Specialist / Recruiter
* Esperienza nel settore IT o in aziende strutturate
* Ottime capacità analitiche e dimestichezza con l’analisi dei dati di selezione
* Ottima conoscenza di Excel
* Esperienza nell’utilizzo di ATS; la conoscenza di InRecruiting costituirà titolo preferenziale
* Ottime capacità relazionali e comunicative
* Precisione, organizzazione e orientamento agli obiettivi
* Predisposizione all'apprendimento

**Altre informazioni:**
-----------------------

**Perché scegliere Webgenesys:**

* Entra in una società attenta al benessere delle persone ed impegnata nel miglioramento dell’ambiente di lavoro: Certificazione Etica SA8000®:2014 e UNI PdR 125:2022;
* Insieme alle aziende Net Service, N\&C, Fides e Reevo, Webgenesys è tra i soci fondatori di Italit, rete di imprese 100% italiane, certificate ISO9001 e ISO27001;
* Consolida le tue competenze all’interno di una realtà stimolante, aperta al confronto e fortemente orientata all'innovazione tecnologica;
* Formazione professionale e certificazioni;
* Welfare aziendale.

  

Il presente annuncio si rivolge a candidati di entrambi i sessi ai sensi della legge (L.903/77 e D.Lgs n. 98/2006, art 27\). L'interessato è invitato a inviare la propria candidatura rilasciando specifico consenso al trattamento dei dati personali, ai sensi della nuova normativa europea sulla Privacy, conforme agli artt. 13 e 14 del GDPR (Regolamento (UE), 27 aprile 2016, n. 2016/679\).","","https://it.indeed.com/cmp/Webgenesys-S.p.a.","","","","","","","","","","","","","recruiter"
"in-93a5f1a7f8d894c1","indeed","https://it.indeed.com/viewjob?jk=93a5f1a7f8d894c1","https://eco.teamtailor.com/jobs/7249582-impiegato-a-ufficio-risorse-umane-grande-distribuzione-organizzata","Impiegato/a Ufficio Risorse Umane – Grande Distribuzione Organizzata","Twins","Roma, LAZ, IT","2026-02-18","fulltime","","","","","",False,"","","","","Struttura operativa attiva nel settore della Grande Distribuzione Organizzata inserisce una risorsa all’interno dell’area Risorse Umane per il supporto amministrativo e organizzativo nella gestione del personale di punti vendita e sedi operative.



La figura collabora con il team HR per garantire la corretta gestione documentale e il coordinamento delle attività legate ai dipendenti, in un contesto strutturato e dinamico.



Attività previste


* Supporto nella gestione delle pratiche di assunzione, proroghe e variazioni contrattuali
* Aggiornamento delle anagrafiche dipendenti e archiviazione della documentazione HR
* Monitoraggio delle scadenze (contratti, formazione obbligatoria, visite mediche)
* Raccolta e controllo delle presenze provenienti dai punti vendita
* Organizzazione di colloqui e attività formative interne
* Predisposizione di report a supporto della direzione del personale


Requisiti richiesti


* Diploma di scuola secondaria superiore
* Precisione e riservatezza nella gestione dei dati personali
* Buona conoscenza degli strumenti informatici (Word, Excel, posta elettronica)
* Capacità organizzative e gestione delle priorità
* Attitudine alla collaborazione con reparti interni e sedi operative


Offerta


* Contratto a tempo determinato
* Orario full time dal lunedì al venerdì
* Inserimento operativo con supporto nella gestione delle attività quotidiane


Sede di lavoro: Roma","","https://it.indeed.com/cmp/Twins","","https://www.web-canape.ru","Smolensk","11 to 50","","","","","","","","","recruiter"
"in-a82bcd5b613ca42a","indeed","https://it.indeed.com/viewjob?jk=a82bcd5b613ca42a","http://it.indeed.com/job/stagista-recruiter-a82bcd5b613ca42a","Stagista Recruiter","CONSORZIO STABILE LGA SERVICE","Roma, LAZ, IT","2026-02-17","fulltime","","","","","",False,"","","","","La nostra azienda è alla ricerca di una risorsa da inserire in stage a supporto del team HR e delle attività di back office.

La risorsa selezionata, in affiancamento al responsabile, si occuperà di:

* Supporto nelle attività di ricerca e selezione del personale
* Pubblicazione annunci
* Screening CV
* Primo contatto con i candidati
* Organizzazione colloqui
* Attività di back office

**Luogo di lavoro:** Via Salaria, zona Settebagni, Roma

**L’attività si svolgerà dal lunedì al venerdì, con eventuale disponibilità di lavorare il sabato, in base alle esigenze aziendali:**

* **Orario 09:00/18:00**

**Requisiti**:

* Disponibilità immediata
* Serietà e puntualità
* Buone capacità organizzative e di comunicazione
* Conoscenza base del pacchetto Office

**Contratto CCNL di categoria**

Il presente annuncio è rivolto ad entrambi i sessi, ai sensi delle leggi 903/77 e 125/91, e a persone di tutte le età e tutte le nazionalità, ai sensi dei decreti legislativi 215/03 e 216/03\.

Contratto di lavoro: Tempo pieno

Sede di lavoro: Di persona","","https://it.indeed.com/cmp/Consorzio-Stabile-Lga-Service-1","","","","","","","","","","","","","recruiter"
"in-cc2eb24c3accfa9c","indeed","https://it.indeed.com/viewjob?jk=cc2eb24c3accfa9c","https://inrec.intervieweb.it/annunci.php?l=operatori-recruiting-parttime-209086&lang=it&d=indeed&LAC=ntw","Operatori Recruiting (PART-TIME)","NTWK","Roma, LAZ, IT","2026-02-16","parttime","","","","","",False,"","","","","NTWK, azienda italiana operante nella ricerca e selezione del personale, si occupa di soddisfare le necessità dei clienti offrendo servizi personalizzati.

  

  

**Posizione:**
--------------

Per azienda cliente selezioniamo 3 operatrici/operatori telefonici che si occuperanno di reclutamento del personale. No vendita.

  

Previsto un breve periodo di formazione retribuito. Inquadramento a norma di legge con fisso mensile.


Orario di lavoro: part\-time.


Zona di lavoro: Roma Tuscolana (vicino Metro Furio Camillo).

**Requisiti:**
--------------

Non è richiesta esperienza pregressa.","","https://it.indeed.com/cmp/Ntwk","","","","","","","","","","","","","recruiter"
"in-f8588f663ab8e9fb","indeed","https://it.indeed.com/viewjob?jk=f8588f663ab8e9fb","https://career.ita-airways.com/job/HR-ANALYST/739-it_IT","HR ANALYST","ITA airways","Fiumicino, LAZ, IT","2026-01-30","","","","","","",False,"","","","","ITA Airways, la Compagnia di bandiera italiana sta assumendo!


Abbiamo bisogno di portare a bordo persone qualificate, motivate e con la voglia di mettersi in gioco con passione e iniziativa.


Per la funzione Human Resources selezioniamo un/una:  



**HR ANALYST**

Scopo del ruolo assicurare la gestione dell’intero ciclo di vita aziendale del dipendente attraverso il coordinamento del team all’interno dell’area assegnata, nel rispetto delle politiche gestionali e di sviluppo, al fine di favorirne l’ottimale collocazione, utilizzo e valorizzazione.


**Di cosa ti occuperai?**
-------------------------

* Curare la creazione di dashboard, file e report predittivi, trasformando dati gestionali complessi in insight utili per supportare le decisioni strategiche, le attività di pianificazione dei Responsabili e i diversi progetti HR.
* Supportare la raccolta e l’analisi di metriche HR per collaborare, anche in ottica proattiva, all’identificazione dei trend significativi, alla definizione di KPI di processo e alla valorizzazione di tutte le iniziative HR.
* Mantenere una comunicazione costante, valorizzando il dialogo con le Linee di Business e il personale gestito, raccogliendo eventuali feedback e suggerimenti, e monitorando il clima aziendale.
* Garantire l’applicazione e il rispetto delle norme contenute nel CCNL e la normativa di riferimento, curando la redazione, ove necessario, di procedimenti disciplinari.
* Assicurare il supporto per la realizzazione del processo di selezione del personale, in collaborazione con la funzione di Recruiting e le Linee di Business.
* Supportare tutte le attività HR di gestione di sviluppo del capitale umano e talent management.
**Cosa stiamo cercando?**
-------------------------

* Almeno 3 \- 4 anni di esperienza nel ruolo
* Laurea in discipline Economiche, Giuridiche, Ingegneria Gestionale
* Livello inglese: B2
* Ottima conoscenza di MS Office (in particolare Power Point and Excel)
**Competenze**
--------------

* Mindset analitico e capacità logico\-matematiche
* Capacità di gestire e sintetizzare grande quantità di informazioni con orientamento all’obiettivo finale
* Precisione e spiccata proattività
* Ottime doti comunicative e relazionali
* Riservatezza e capacità gestionale
**Cosa offriamo?**
------------------

Contratto CCNL Trasporto Aereo con livello e RAL commisurati alla tua effettiva esperienza.


**Dove lavorerai?**
-------------------

Fiumicino, RM.  



Se ti riconosci in queste caratteristiche, aspettiamo la tua candidatura!  



*Si invitano i candidati a prendere visione dell’informativa che ITA ha predisposto conformemente a quanto previsto dal Regolamento (UE) n. 679/2016 e dal D.lgs. N 196/2003, nella pagina “Lavora con noi” del sito* *www.ita\-airways.com* *. Le offerte si intendono rivolte a persone di entrambi i sessi (L.903/77\).*","","https://it.indeed.com/cmp/Ita-Airways","","","","","","","","","","","","","recruiter"
"li-4373106227","linkedin","https://www.linkedin.com/jobs/view/4373106227","","Recruiter freelance","Edilizia Alternativa","Rome, Latium, Italy","2026-02-19","","","","","","",False,"","","","","","","https://it.linkedin.com/company/edilizia-alternativa","","","","","","","","","","","","","recruiter"
"li-4374380649","linkedin","https://www.linkedin.com/jobs/view/4374380649","","Responsabile Risorse Umane – Commerciale e Distribuzione","EmmeBi Group","Rome, Latium, Italy","2026-02-20","","","","","","",False,"","","","","","","https://www.linkedin.com/company/emmebi-group","","","","","","","","","","","","","recruiting"
"li-4375811505","linkedin","https://www.linkedin.com/jobs/view/4375811505","","HRBP RETAIL CENTRO ITALIA","LHH","Rome, Latium, Italy","2026-02-20","","","","","","",False,"","","","","","","https://www.linkedin.com/company/lhhworldwide","","","","","","","","","","","","","recruiting"
"li-4374008813","linkedin","https://www.linkedin.com/jobs/view/4374008813","","Responsabile Risorse Umane – Prodotti per la Cura del Riposo","EmmeBi Group","Rome, Latium, Italy","2026-02-19","","","","","","",False,"","","","","","","https://www.linkedin.com/company/emmebi-group","","","","","","","","","","","","","recruiting"
"li-4373964211","linkedin","https://www.linkedin.com/jobs/view/4373964211","","Impiegato/a Risorse Umane","key-absolute","Rome, Latium, Italy","2026-02-17","","","","","","",False,"","","","","","","https://www.linkedin.com/company/key-absolute","","","","","","","","","","","","","recruiting"
"li-4374149768","linkedin","https://www.linkedin.com/jobs/view/4374149768","","Construction Leadership Academy: Percorso di Alta Formazione e Selezione","RADAR - Academy & Recruiting","Rome, Latium, Italy","2026-02-17","","","","","","",False,"","","","","","","https://it.linkedin.com/school/radar-academy-recruiting/","","","","","","","","","","","","","recruiting"
"in-4aeb3f7015a7d6ea","indeed","https://it.indeed.com/viewjob?jk=4aeb3f7015a7d6ea","https://www.gazzettaufficiale.it/atto/concorsi/caricaDettaglioAtto/originario?atto.dataPubblicazioneGazzetta=2026-02-17&atto.codiceRedazionale=26E00626","Procedura di selezione per la chiamata di un professore di prima fascia, GSD 13/ECON-01 - Economia politica, per il Dipartimento di Economics and Financial Markets.","LIBERA UNIVERSITA' INTERNAZIONALE DEGLI STUDI SOCIALI GUIDO CARLI DI ROMA","Roma, LAZ, IT","2026-02-17","","","","","","",False,"","","","","La LUISS Libera universita' internazionale degli studi sociali
Guido Carli ha bandito, ai sensi dell'art. 18, comma 4\-ter della
legge 30 dicembre 2010, n. 240, procedura selettiva per la chiamata
di un professore di ruolo con le seguenti caratteristiche:
 numero posti: uno;
 professore di ruolo di prima fascia;
 Dipartimento di Economics and Financial Markets;
 gruppo scientifico\-disciplinare 13/ECON\-01 \- Economia politica;
 settore scientifico\-disciplinare ECON\-01/A \- Economia politica;
 codice concorso DEFM\-ORD20%\-01/2026\.
 Il trattamento economico spettante al vincitore del presente
bando, ai sensi dell'art. 8 della legge n. 240/2010 e del decreto del
Presidente della Repubblica 15 dicembre 2011, n. 232, e' quello
previsto per i professori universitari di ruolo di prima fascia,
secondo la posizione di carriera del vincitore stesso ed il regime di
impegno prescelto.
 Le domande di partecipazione di cui al suddetto bando dovranno
pervenire con le modalita' previste dall'art. 3 del bando di
concorso, entro le ore 14:00 (CET) del giorno 19 marzo 2026\.
 Diritti e doveri della posizione sono disciplinati dal bando di
concorso e dal regolamento della LUISS Guido Carli relativo alla
disciplina delle procedure di chiamata dei professori di prima e
seconda fascia della LUISS Guido Carli (in attuazione degli articoli
7, 18 e 24 della legge 30 dicembre 2010, n. 240 e dell'art. 1, commi
9 e 12, della legge n. 230 del 4 novembre 2005, n. 230\).
 Copia del bando e del regolamento sono disponibili sul sito web
dell'Universita' http://www.luiss.it e presso l'ufficio del personale
docente dell'Ateneo in Viale Pola, 12 \- 00198 Roma.","","https://it.indeed.com/cmp/Libera-Universita'-Internazionale-Degli-Studi-Sociali-Guido-Carli-Di-Roma","","","","","","","","","","","","","selezione personale"
"li-4373323755","linkedin","https://www.linkedin.com/jobs/view/4373323755","","Impiegato/a Risorse Umane – Servizi alle Imprese","tecno-system","Rome, Latium, Italy","2026-02-18","","","","","","",False,"","","","","","","https://www.linkedin.com/company/tecno-system-2","","","","","","","","","","","","","selezione personale"
"in-d58c707c78a09f94","indeed","https://it.indeed.com/viewjob?jk=d58c707c78a09f94","https://hrweb.intervieweb.it/annunci.php?l=selezione-roma-centro-febbraio-2025-149813&lang=it&d=indeed&LAC=mkd","Selezione ROMA CENTRO - Giornate FULL TIME","Globe MKD","Roma, LAZ, IT","2026-02-20","fulltime","","","","","",False,"","","","","Adamas realtà di Direct Marketing, recluta Promoter Commerciali – Anche senza esperienza.

 **Verranno presi in considerazione profili anche alla prima esperienza nel mondo del lavoro o che abbiano maturato esperienze brevi (es. stage) in campo commerciale – commesso / commessa / addetti alla vendita / cassiere / cassiera / call center / customer care / customer service / servizio clienti.**

  

  

**Posizione:**
--------------

Compito delle risorse selezionate sarà quello di promuovere \[a diretto contatto con la clientela] i progetti di brand internazionali sul territorio di ROMA, presenziando eventi in centri commerciali, aree residenziali d2d autorizzate e piazze, fiere, catene della GDO, stazioni e aeroporti.

**Requisiti:**
--------------

L'Offerta lavorativa prevede:

* Contratto iniziale di 12 mesi;
* Percorso formativo ad intero carico dell'azienda;
* FISSO MENSILE.","","https://it.indeed.com/cmp/Globe-Mkd","","","","","","","","","","","","","addetto selezione"
"li-4374014717","linkedin","https://www.linkedin.com/jobs/view/4374014717","","Addetto/a Amministrazione del Personale - Ufficio Risorse Umane","tecno-system","Fondi, Latium, Italy","2026-02-19","","","","","","",False,"","","","","","","https://www.linkedin.com/company/tecno-system-2","","","","","","","","","","","","","addetto selezione"
